,Date,Symbol,Time,Open,High,Low,Close,Volume,Datetime
0,12/17/2020,FISV,4:00 PM,114.35,115.03,114.18,114.72,734222,12/17/2020:4:00 PM
1,12/18/2020,FISV,10:30 AM,115.39,115.49,113.75,113.81,845316,12/18/2020:10:30 AM
2,12/18/2020,FISV,11:30 AM,113.78,114.0,113.13,113.3,268371,12/18/2020:11:30 AM
3,12/18/2020,FISV,12:30 PM,113.3,114.5,113.21,114.45,348585,12/18/2020:12:30 PM
4,12/18/2020,FISV,1:30 PM,114.45,114.88,114.05,114.5419,181414,12/18/2020:1:30 PM
5,12/18/2020,FISV,2:30 PM,114.48,114.48,114.11,114.115,161624,12/18/2020:2:30 PM
6,12/18/2020,FISV,3:30 PM,114.115,114.2,113.84,114.155,233183,12/18/2020:3:30 PM
7,12/18/2020,FISV,4:00 PM,114.175,114.95,114.05,114.8,541126,12/18/2020:4:00 PM
8,12/21/2020,FISV,10:30 AM,112.47,113.14,110.35,111.06,864175,12/21/2020:10:30 AM
9,12/21/2020,FISV,11:30 AM,111.04,111.31,110.465,111.13,442276,12/21/2020:11:30 AM
10,12/21/2020,FISV,12:30 PM,111.14,111.94,111.14,111.94,193679,12/21/2020:12:30 PM
11,12/21/2020,FISV,1:30 PM,111.94,112.18,111.79,112.04,149782,12/21/2020:1:30 PM
12,12/21/2020,FISV,2:30 PM,112.04,112.14,111.71,111.94,209597,12/21/2020:2:30 PM
13,12/21/2020,FISV,3:30 PM,111.91,112.52,111.91,112.49,464651,12/21/2020:3:30 PM
14,12/21/2020,FISV,4:00 PM,112.48,112.61,112.145,112.5,421571,12/21/2020:4:00 PM
15,12/22/2020,FISV,10:30 AM,110.82,111.67,110.19,110.49,608470,12/22/2020:10:30 AM
16,12/22/2020,FISV,11:30 AM,110.49,111.155,110.44,111.0168,426908,12/22/2020:11:30 AM
17,12/22/2020,FISV,12:30 PM,111.03,111.33,110.7168,111.28,317078,12/22/2020:12:30 PM
18,12/22/2020,FISV,1:30 PM,111.29,111.33,111.02,111.11,155311,12/22/2020:1:30 PM
19,12/22/2020,FISV,2:30 PM,111.11,111.54,111.105,111.43,238693,12/22/2020:2:30 PM
20,12/22/2020,FISV,3:30 PM,111.43,111.43,110.595,110.6,424611,12/22/2020:3:30 PM
21,12/22/2020,FISV,4:00 PM,110.6,110.77,110.45,110.52,393919,12/22/2020:4:00 PM
22,12/23/2020,FISV,10:30 AM,111.04,111.13,109.61,110.45,632168,12/23/2020:10:30 AM
23,12/23/2020,FISV,11:30 AM,110.445,110.78,110.38,110.655,202684,12/23/2020:11:30 AM
24,12/23/2020,FISV,12:30 PM,110.68,110.95,110.46,110.6,136323,12/23/2020:12:30 PM
25,12/23/2020,FISV,1:30 PM,110.61,110.95,110.58,110.945,225684,12/23/2020:1:30 PM
26,12/23/2020,FISV,2:30 PM,110.93,111.2,110.8975,111.03,125651,12/23/2020:2:30 PM
27,12/23/2020,FISV,3:30 PM,111.03,111.17,110.86,110.91,239649,12/23/2020:3:30 PM
28,12/23/2020,FISV,4:00 PM,110.92,111.1,110.62,110.64,265431,12/23/2020:4:00 PM
29,12/24/2020,FISV,10:30 AM,111.08,111.79,110.89,111.605,338904,12/24/2020:10:30 AM
30,12/24/2020,FISV,11:30 AM,111.615,112.34,111.57,111.88,309193,12/24/2020:11:30 AM
31,12/24/2020,FISV,12:30 PM,111.91,112.74,111.84,112.685,257944,12/24/2020:12:30 PM
32,12/24/2020,FISV,1:30 PM,112.71,112.7204,112.27,112.63,395141,12/24/2020:1:30 PM
33,12/28/2020,FISV,10:30 AM,113.34,113.41,111.78,113.25,368255,12/28/2020:10:30 AM
34,12/28/2020,FISV,11:30 AM,113.27,113.44,112.915,113.06,206584,12/28/2020:11:30 AM
35,12/28/2020,FISV,12:30 PM,113.09,113.09,112.46,112.55,245667,12/28/2020:12:30 PM
36,12/28/2020,FISV,1:30 PM,112.54,112.84,112.54,112.815,133900,12/28/2020:1:30 PM
37,12/28/2020,FISV,2:30 PM,112.825,113.15,112.825,112.93,193030,12/28/2020:2:30 PM
38,12/28/2020,FISV,3:30 PM,112.95,113.105,112.72,112.72,196063,12/28/2020:3:30 PM
39,12/28/2020,FISV,4:00 PM,112.72,112.75,112.53,112.64,278252,12/28/2020:4:00 PM
40,12/29/2020,FISV,10:30 AM,113.48,113.95,112.83,112.94,368056,12/29/2020:10:30 AM
41,12/29/2020,FISV,11:30 AM,112.94,113.02,112.43,112.62,163300,12/29/2020:11:30 AM
42,12/29/2020,FISV,12:30 PM,112.62,112.83,112.17,112.37,140880,12/29/2020:12:30 PM
43,12/29/2020,FISV,1:30 PM,112.37,112.37,111.9,112.14,187209,12/29/2020:1:30 PM
44,12/29/2020,FISV,2:30 PM,112.15,112.15,111.75,111.88,217593,12/29/2020:2:30 PM
45,12/29/2020,FISV,3:30 PM,111.875,112.08,111.855,112.025,210430,12/29/2020:3:30 PM
46,12/29/2020,FISV,4:00 PM,112.04,112.13,111.69,111.9,435731,12/29/2020:4:00 PM
47,12/30/2020,FISV,10:30 AM,112.71,113.05,112.49,112.85,361590,12/30/2020:10:30 AM
48,12/30/2020,FISV,11:30 AM,112.88,113.315,112.62,113.15,206378,12/30/2020:11:30 AM
49,12/30/2020,FISV,12:30 PM,113.08,113.4,112.88,113.2,186162,12/30/2020:12:30 PM
50,12/30/2020,FISV,1:30 PM,113.17,113.6,112.97,113.05,126644,12/30/2020:1:30 PM
51,12/30/2020,FISV,2:30 PM,113.08,113.33,112.82,112.845,204671,12/30/2020:2:30 PM
52,12/30/2020,FISV,3:30 PM,112.8424,113.08,112.605,113.065,175422,12/30/2020:3:30 PM
53,12/30/2020,FISV,4:00 PM,113.06,113.32,112.85,112.87,276498,12/30/2020:4:00 PM
54,12/31/2020,FISV,10:30 AM,112.56,113.28,112.32,112.86,152392,12/31/2020:10:30 AM
55,12/31/2020,FISV,11:30 AM,112.88,113.15,112.68,112.75,138759,12/31/2020:11:30 AM
56,12/31/2020,FISV,12:30 PM,112.78,112.89,112.38,112.73,100373,12/31/2020:12:30 PM
57,12/31/2020,FISV,1:30 PM,112.73,113.06,112.73,112.97,84492,12/31/2020:1:30 PM
58,12/31/2020,FISV,2:30 PM,112.99,113.34,112.83,113.32,99543,12/31/2020:2:30 PM
59,12/31/2020,FISV,3:30 PM,113.34,113.69,113.18,113.6,163323,12/31/2020:3:30 PM
60,12/31/2020,FISV,4:00 PM,113.61,113.96,113.52,113.87,211323,12/31/2020:4:00 PM
61,1/4/2021,FISV,10:30 AM,113.75,114.0,111.59,111.79,378447,1/4/2021:10:30 AM
62,1/4/2021,FISV,11:30 AM,111.78,111.81,109.97,110.7039,386753,1/4/2021:11:30 AM
63,1/4/2021,FISV,12:30 PM,110.67,110.67,109.65,110.16,263622,1/4/2021:12:30 PM
64,1/4/2021,FISV,1:30 PM,110.13,111.19,109.57,110.995,350053,1/4/2021:1:30 PM
65,1/4/2021,FISV,2:30 PM,110.98,111.4,110.84,111.06,212526,1/4/2021:2:30 PM
66,1/4/2021,FISV,3:30 PM,111.04,111.77,110.62,111.76,511798,1/4/2021:3:30 PM
67,1/4/2021,FISV,4:00 PM,111.76,112.63,111.5895,111.94,546941,1/4/2021:4:00 PM
68,1/5/2021,FISV,10:30 AM,113.31,114.11,112.6,112.69,630478,1/5/2021:10:30 AM
69,1/5/2021,FISV,11:30 AM,112.69,112.94,112.04,112.8456,392076,1/5/2021:11:30 AM
70,1/5/2021,FISV,12:30 PM,112.83,112.98,112.3,112.4,202524,1/5/2021:12:30 PM
71,1/5/2021,FISV,1:30 PM,112.39,112.57,112.17,112.315,117347,1/5/2021:1:30 PM
72,1/5/2021,FISV,2:30 PM,112.34,113.04,112.32,112.99,223761,1/5/2021:2:30 PM
73,1/5/2021,FISV,3:30 PM,112.99,113.07,112.51,112.54,237573,1/5/2021:3:30 PM
74,1/5/2021,FISV,4:00 PM,112.53,112.88,112.305,112.35,323156,1/5/2021:4:00 PM
75,1/6/2021,FISV,10:30 AM,111.9,114.42,111.5304,113.85,430922,1/6/2021:10:30 AM
76,1/6/2021,FISV,11:30 AM,113.9,115.08,113.86,114.8,321898,1/6/2021:11:30 AM
77,1/6/2021,FISV,12:30 PM,114.82,115.56,114.5,115.185,198095,1/6/2021:12:30 PM
78,1/6/2021,FISV,1:30 PM,115.2133,115.99,115.2133,115.32,255721,1/6/2021:1:30 PM
79,1/6/2021,FISV,2:30 PM,115.3666,115.61,114.73,114.883,147770,1/6/2021:2:30 PM
80,1/6/2021,FISV,3:30 PM,114.82,115.19,113.955,114.525,225597,1/6/2021:3:30 PM
81,1/6/2021,FISV,4:00 PM,114.52,114.59,114.02,114.18,335918,1/6/2021:4:00 PM
82,1/7/2021,FISV,10:30 AM,114.98,115.55,114.45,115.4643,375067,1/7/2021:10:30 AM
83,1/7/2021,FISV,11:30 AM,115.475,115.599,115.16,115.285,163878,1/7/2021:11:30 AM
84,1/7/2021,FISV,12:30 PM,115.31,115.375,114.51,114.56,332009,1/7/2021:12:30 PM
85,1/7/2021,FISV,1:30 PM,114.58,114.76,114.0,114.195,270898,1/7/2021:1:30 PM
86,1/7/2021,FISV,2:30 PM,114.23,114.91,114.23,114.539,190181,1/7/2021:2:30 PM
87,1/7/2021,FISV,3:30 PM,114.52,114.86,114.25,114.26,323030,1/7/2021:3:30 PM
88,1/7/2021,FISV,4:00 PM,114.26,114.63,114.17,114.44,459368,1/7/2021:4:00 PM
89,1/8/2021,FISV,10:30 AM,114.48,116.68,114.48,115.305,580368,1/8/2021:10:30 AM
90,1/8/2021,FISV,11:30 AM,115.305,115.81,115.07,115.81,367177,1/8/2021:11:30 AM
91,1/8/2021,FISV,12:30 PM,115.8,117.25,115.67,116.94,377064,1/8/2021:12:30 PM
92,1/8/2021,FISV,1:30 PM,116.935,117.27,116.5,116.78,313515,1/8/2021:1:30 PM
93,1/8/2021,FISV,2:30 PM,116.77,116.84,116.03,116.48,333513,1/8/2021:2:30 PM
94,1/8/2021,FISV,3:30 PM,116.52,116.89,116.3,116.585,228304,1/8/2021:3:30 PM
95,1/8/2021,FISV,4:00 PM,116.6,116.87,116.52,116.79,410436,1/8/2021:4:00 PM
96,1/11/2021,FISV,10:30 AM,116.25,117.1,115.655,116.01,235995,1/11/2021:10:30 AM
97,1/11/2021,FISV,11:30 AM,116.0288,116.39,115.49,115.82,144717,1/11/2021:11:30 AM
98,1/11/2021,FISV,12:30 PM,115.815,116.0,115.555,115.82,126662,1/11/2021:12:30 PM
99,1/11/2021,FISV,1:30 PM,115.86,116.04,115.47,115.5799,106158,1/11/2021:1:30 PM
100,1/11/2021,FISV,2:30 PM,115.56,115.59,114.55,114.735,149782,1/11/2021:2:30 PM
101,1/11/2021,FISV,3:30 PM,114.695,115.0,114.325,114.35,210872,1/11/2021:3:30 PM
102,1/11/2021,FISV,4:00 PM,114.31,115.5,114.3,115.06,588768,1/11/2021:4:00 PM
103,1/12/2021,FISV,10:30 AM,114.04,115.44,112.1,112.78,674782,1/12/2021:10:30 AM
104,1/12/2021,FISV,11:30 AM,112.785,112.825,111.67,112.235,515219,1/12/2021:11:30 AM
105,1/12/2021,FISV,12:30 PM,112.24,112.285,110.01,110.12,1227896,1/12/2021:12:30 PM
106,1/12/2021,FISV,1:30 PM,110.11,112.36,109.52,112.36,1210382,1/12/2021:1:30 PM
107,1/12/2021,FISV,2:30 PM,112.37,112.38,111.84,111.89,187658,1/12/2021:2:30 PM
108,1/12/2021,FISV,3:30 PM,111.9,112.07,111.175,111.18,295808,1/12/2021:3:30 PM
109,1/12/2021,FISV,4:00 PM,111.18,111.34,110.88,111.2,597140,1/12/2021:4:00 PM
110,1/13/2021,FISV,10:30 AM,112.0245,112.33,109.7,109.72,622462,1/13/2021:10:30 AM
111,1/13/2021,FISV,11:30 AM,109.74,109.98,109.18,109.54,749971,1/13/2021:11:30 AM
112,1/13/2021,FISV,12:30 PM,109.56,110.24,109.48,109.77,534398,1/13/2021:12:30 PM
113,1/13/2021,FISV,1:30 PM,109.77,110.74,109.49,110.32,1244268,1/13/2021:1:30 PM
114,1/13/2021,FISV,2:30 PM,110.31,110.91,110.08,110.79,465057,1/13/2021:2:30 PM
115,1/13/2021,FISV,3:30 PM,110.81,111.01,110.18,110.33,667134,1/13/2021:3:30 PM
116,1/13/2021,FISV,4:00 PM,110.3243,110.43,110.12,110.23,435677,1/13/2021:4:00 PM
117,1/14/2021,FISV,10:30 AM,110.83,111.01,109.59,109.8,642765,1/14/2021:10:30 AM
118,1/14/2021,FISV,11:30 AM,109.784,109.87,109.37,109.585,317920,1/14/2021:11:30 AM
119,1/14/2021,FISV,12:30 PM,109.585,109.61,108.84,109.58,353742,1/14/2021:12:30 PM
120,1/14/2021,FISV,1:30 PM,109.62,109.66,108.89,108.94,626579,1/14/2021:1:30 PM
121,1/14/2021,FISV,2:30 PM,108.95,109.25,108.23,108.35,349605,1/14/2021:2:30 PM
122,1/14/2021,FISV,3:30 PM,108.34,108.72,108.04,108.63,489087,1/14/2021:3:30 PM
123,1/14/2021,FISV,4:00 PM,108.63,108.79,107.87,107.98,775321,1/14/2021:4:00 PM
124,1/15/2021,FISV,10:30 AM,106.555,107.63,106.17,106.64,1544477,1/15/2021:10:30 AM
125,1/15/2021,FISV,11:30 AM,106.605,107.6,106.5,107.49,529082,1/15/2021:11:30 AM
126,1/15/2021,FISV,12:30 PM,107.49,108.0755,107.37,107.375,588057,1/15/2021:12:30 PM
127,1/15/2021,FISV,1:30 PM,107.36,108.29,107.17,108.0,347320,1/15/2021:1:30 PM
128,1/15/2021,FISV,2:30 PM,108.0023,108.38,107.935,108.28,432082,1/15/2021:2:30 PM
129,1/15/2021,FISV,3:30 PM,108.27,109.01,108.27,108.595,556450,1/15/2021:3:30 PM
130,1/15/2021,FISV,4:00 PM,108.59,108.795,108.16,108.2,665496,1/15/2021:4:00 PM
131,1/19/2021,FISV,10:30 AM,109.375,109.44,107.68,107.9,791180,1/19/2021:10:30 AM
132,1/19/2021,FISV,11:30 AM,107.9,108.33,107.26,107.485,365007,1/19/2021:11:30 AM
133,1/19/2021,FISV,12:30 PM,107.46,107.83,107.33,107.58,190725,1/19/2021:12:30 PM
134,1/19/2021,FISV,1:30 PM,107.62,108.015,107.58,107.58,199158,1/19/2021:1:30 PM
135,1/19/2021,FISV,2:30 PM,107.56,108.37,107.52,108.035,256445,1/19/2021:2:30 PM
136,1/19/2021,FISV,3:30 PM,108.04,108.25,107.78,108.17,305582,1/19/2021:3:30 PM
137,1/19/2021,FISV,4:00 PM,108.18,108.226,107.63,107.67,363382,1/19/2021:4:00 PM
138,1/20/2021,FISV,10:30 AM,107.68,109.44,107.6,109.21,745862,1/20/2021:10:30 AM
139,1/20/2021,FISV,11:30 AM,109.2247,109.97,109.14,109.5801,313213,1/20/2021:11:30 AM
140,1/20/2021,FISV,12:30 PM,109.59,109.64,109.05,109.2,252577,1/20/2021:12:30 PM
141,1/20/2021,FISV,1:30 PM,109.23,109.52,109.03,109.2,227952,1/20/2021:1:30 PM
142,1/20/2021,FISV,2:30 PM,109.17,109.7,109.12,109.48,282027,1/20/2021:2:30 PM
143,1/20/2021,FISV,3:30 PM,109.46,109.47,108.7217,108.97,356174,1/20/2021:3:30 PM
144,1/20/2021,FISV,4:00 PM,108.98,109.49,108.9,109.13,523122,1/20/2021:4:00 PM
145,1/21/2021,FISV,10:30 AM,109.36,109.915,108.51,109.69,521825,1/21/2021:10:30 AM
146,1/21/2021,FISV,11:30 AM,109.63,109.89,108.89,108.89,331311,1/21/2021:11:30 AM
147,1/21/2021,FISV,12:30 PM,108.84,109.315,108.46,108.53,342687,1/21/2021:12:30 PM
148,1/21/2021,FISV,1:30 PM,108.5,109.35,108.462,109.22,233915,1/21/2021:1:30 PM
149,1/21/2021,FISV,2:30 PM,109.21,109.315,108.91,109.16,273634,1/21/2021:2:30 PM
150,1/21/2021,FISV,3:30 PM,109.14,109.29,108.955,109.0,444340,1/21/2021:3:30 PM
151,1/21/2021,FISV,4:00 PM,109.01,109.16,108.9,108.95,340233,1/21/2021:4:00 PM
152,1/22/2021,FISV,10:30 AM,107.755,108.65,106.95,107.74,507355,1/22/2021:10:30 AM
153,1/22/2021,FISV,11:30 AM,107.75,107.75,106.85,107.35,225970,1/22/2021:11:30 AM
154,1/22/2021,FISV,12:30 PM,107.31,107.8,107.28,107.6366,241431,1/22/2021:12:30 PM
155,1/22/2021,FISV,1:30 PM,107.635,107.83,107.33,107.81,250362,1/22/2021:1:30 PM
156,1/22/2021,FISV,2:30 PM,107.8,107.84,107.45,107.53,257856,1/22/2021:2:30 PM
157,1/22/2021,FISV,3:30 PM,107.53,107.67,107.4,107.54,270882,1/22/2021:3:30 PM
158,1/22/2021,FISV,4:00 PM,107.55,107.62,107.17,107.28,389658,1/22/2021:4:00 PM
159,1/25/2021,FISV,10:30 AM,106.75,106.75,104.6,104.8325,1230592,1/25/2021:10:30 AM
160,1/25/2021,FISV,11:30 AM,104.83,105.4023,103.78,104.07,950316,1/25/2021:11:30 AM
161,1/25/2021,FISV,12:30 PM,104.09,104.485,103.88,104.4,1212749,1/25/2021:12:30 PM
162,1/25/2021,FISV,1:30 PM,104.4,106.76,104.38,106.09,847411,1/25/2021:1:30 PM
163,1/25/2021,FISV,2:30 PM,106.08,106.33,105.6,105.73,332426,1/25/2021:2:30 PM
164,1/25/2021,FISV,3:30 PM,105.75,106.0,105.42,105.9,606288,1/25/2021:3:30 PM
165,1/25/2021,FISV,4:00 PM,105.91,106.73,105.73,106.71,627535,1/25/2021:4:00 PM
166,1/26/2021,FISV,10:30 AM,107.05,107.99,106.62,107.5,807785,1/26/2021:10:30 AM
167,1/26/2021,FISV,11:30 AM,107.51,107.92,107.065,107.55,375430,1/26/2021:11:30 AM
168,1/26/2021,FISV,12:30 PM,107.53,107.7,107.15,107.37,171826,1/26/2021:12:30 PM
169,1/26/2021,FISV,1:30 PM,107.31,107.41,106.935,107.115,200590,1/26/2021:1:30 PM
170,1/26/2021,FISV,2:30 PM,107.13,107.81,107.13,107.73,249264,1/26/2021:2:30 PM
171,1/26/2021,FISV,3:30 PM,107.735,107.96,107.5,107.57,1114360,1/26/2021:3:30 PM
172,1/26/2021,FISV,4:00 PM,107.5691,107.5691,105.94,106.21,1248412,1/26/2021:4:00 PM
173,1/27/2021,FISV,10:30 AM,104.06,104.32,100.36,104.065,2522953,1/27/2021:10:30 AM
174,1/27/2021,FISV,11:30 AM,104.065,104.77,102.685,102.72,1027094,1/27/2021:11:30 AM
175,1/27/2021,FISV,12:30 PM,102.75,104.75,102.28,104.27,759444,1/27/2021:12:30 PM
176,1/27/2021,FISV,1:30 PM,104.23,104.79,103.32,103.88,559463,1/27/2021:1:30 PM
177,1/27/2021,FISV,2:30 PM,103.875,104.07,103.04,103.33,419573,1/27/2021:2:30 PM
178,1/27/2021,FISV,3:30 PM,103.325,103.55,102.75,103.0,795590,1/27/2021:3:30 PM
179,1/27/2021,FISV,4:00 PM,102.94,103.46,102.25,103.22,933914,1/27/2021:4:00 PM
180,1/28/2021,FISV,10:30 AM,104.36,105.55,104.315,104.45,1181038,1/28/2021:10:30 AM
181,1/28/2021,FISV,11:30 AM,104.48,105.43,103.9201,105.2208,476942,1/28/2021:11:30 AM
182,1/28/2021,FISV,12:30 PM,105.26,105.9,104.89,105.71,586883,1/28/2021:12:30 PM
183,1/28/2021,FISV,1:30 PM,105.72,105.84,105.22,105.41,376724,1/28/2021:1:30 PM
184,1/28/2021,FISV,2:30 PM,105.43,106.29,105.3,106.14,601785,1/28/2021:2:30 PM
185,1/28/2021,FISV,3:30 PM,106.1475,106.185,105.4,105.75,592523,1/28/2021:3:30 PM
186,1/28/2021,FISV,4:00 PM,105.72,105.885,105.1,105.28,785620,1/28/2021:4:00 PM
187,1/29/2021,FISV,10:30 AM,104.82,104.95,103.16,104.03,581395,1/29/2021:10:30 AM
188,1/29/2021,FISV,11:30 AM,104.07,104.35,103.44,103.52,276695,1/29/2021:11:30 AM
189,1/29/2021,FISV,12:30 PM,103.53,103.95,102.88,102.98,222272,1/29/2021:12:30 PM
190,1/29/2021,FISV,1:30 PM,102.95,103.13,102.31,103.06,526257,1/29/2021:1:30 PM
191,1/29/2021,FISV,2:30 PM,103.08,103.23,102.57,103.14,562990,1/29/2021:2:30 PM
192,1/29/2021,FISV,3:30 PM,103.12,103.66,102.8,103.36,329717,1/29/2021:3:30 PM
193,1/29/2021,FISV,4:00 PM,103.36,103.59,102.52,102.62,832740,1/29/2021:4:00 PM
194,2/1/2021,FISV,10:30 AM,103.862,105.83,103.0901,105.19,766966,2/1/2021:10:30 AM
195,2/1/2021,FISV,11:30 AM,105.21,106.09,105.103,105.98,518401,2/1/2021:11:30 AM
196,2/1/2021,FISV,12:30 PM,106.01,106.62,105.745,106.365,535661,2/1/2021:12:30 PM
197,2/1/2021,FISV,1:30 PM,106.34,107.04,106.29,106.93,319748,2/1/2021:1:30 PM
198,2/1/2021,FISV,2:30 PM,106.94,107.3,106.665,107.16,386314,2/1/2021:2:30 PM
199,2/1/2021,FISV,3:30 PM,107.16,107.55,106.865,106.885,379110,2/1/2021:3:30 PM
200,2/1/2021,FISV,4:00 PM,106.88,107.39,106.44,106.51,704986,2/1/2021:4:00 PM
201,2/2/2021,FISV,10:30 AM,107.93,110.42,107.24,109.79,846632,2/2/2021:10:30 AM
202,2/2/2021,FISV,11:30 AM,109.825,110.39,109.6614,110.18,333696,2/2/2021:11:30 AM
203,2/2/2021,FISV,12:30 PM,110.26,110.97,110.22,110.905,252041,2/2/2021:12:30 PM
204,2/2/2021,FISV,1:30 PM,110.92,111.1,110.19,110.21,231533,2/2/2021:1:30 PM
205,2/2/2021,FISV,2:30 PM,110.215,110.71,110.06,110.35,374608,2/2/2021:2:30 PM
206,2/2/2021,FISV,3:30 PM,110.36,110.89,110.21,110.42,462807,2/2/2021:3:30 PM
207,2/2/2021,FISV,4:00 PM,110.41,110.435,109.91,110.02,611665,2/2/2021:4:00 PM
208,2/3/2021,FISV,10:30 AM,110.12,110.76,109.55,110.02,535939,2/3/2021:10:30 AM
209,2/3/2021,FISV,11:30 AM,110.01,110.66,109.96,110.48,567822,2/3/2021:11:30 AM
210,2/3/2021,FISV,12:30 PM,110.53,110.75,110.36,110.59,410695,2/3/2021:12:30 PM
211,2/3/2021,FISV,1:30 PM,110.58,111.01,110.41,110.95,335345,2/3/2021:1:30 PM
212,2/3/2021,FISV,2:30 PM,110.93,111.1,110.82,111.09,245965,2/3/2021:2:30 PM
213,2/3/2021,FISV,3:30 PM,111.1,111.11,110.54,110.89,542980,2/3/2021:3:30 PM
214,2/3/2021,FISV,4:00 PM,110.9,111.04,110.17,110.2,774247,2/3/2021:4:00 PM
215,2/4/2021,FISV,10:30 AM,111.72,112.27,110.2,112.1,375310,2/4/2021:10:30 AM
216,2/4/2021,FISV,11:30 AM,112.05,112.99,111.955,112.4765,513736,2/4/2021:11:30 AM
217,2/4/2021,FISV,12:30 PM,112.46,113.04,112.43,112.9908,227721,2/4/2021:12:30 PM
218,2/4/2021,FISV,1:30 PM,112.985,113.08,112.56,112.85,214228,2/4/2021:1:30 PM
219,2/4/2021,FISV,2:30 PM,112.85,112.93,112.61,112.66,182048,2/4/2021:2:30 PM
220,2/4/2021,FISV,3:30 PM,112.68,112.79,111.89,111.93,168004,2/4/2021:3:30 PM
221,2/4/2021,FISV,4:00 PM,111.93,112.28,111.57,112.27,404865,2/4/2021:4:00 PM
222,2/5/2021,FISV,10:30 AM,112.7501,113.74,112.6,112.63,288513,2/5/2021:10:30 AM
223,2/5/2021,FISV,11:30 AM,112.61,112.92,112.05,112.365,226753,2/5/2021:11:30 AM
224,2/5/2021,FISV,12:30 PM,112.35,112.605,112.18,112.44,119556,2/5/2021:12:30 PM
225,2/5/2021,FISV,1:30 PM,112.45,112.7199,111.98,112.13,204092,2/5/2021:1:30 PM
226,2/5/2021,FISV,2:30 PM,112.12,112.4,112.075,112.34,125073,2/5/2021:2:30 PM
227,2/5/2021,FISV,3:30 PM,112.335,112.54,112.235,112.37,277925,2/5/2021:3:30 PM
228,2/5/2021,FISV,4:00 PM,112.36,112.6097,112.16,112.22,410133,2/5/2021:4:00 PM
229,2/8/2021,FISV,10:30 AM,113.42,114.37,113.01,113.54,504222,2/8/2021:10:30 AM
230,2/8/2021,FISV,11:30 AM,113.54,113.88,113.22,113.44,377626,2/8/2021:11:30 AM
231,2/8/2021,FISV,12:30 PM,113.45,113.56,113.02,113.02,212772,2/8/2021:12:30 PM
232,2/8/2021,FISV,1:30 PM,113.01,113.23,112.89,112.98,154786,2/8/2021:1:30 PM
233,2/8/2021,FISV,2:30 PM,112.98,113.04,112.5625,112.82,200853,2/8/2021:2:30 PM
234,2/8/2021,FISV,3:30 PM,112.796,113.1,112.61,112.98,152919,2/8/2021:3:30 PM
235,2/8/2021,FISV,4:00 PM,112.97,113.5,112.855,113.45,381282,2/8/2021:4:00 PM
236,2/9/2021,FISV,10:30 AM,112.65,113.58,111.22,112.985,677200,2/9/2021:10:30 AM
237,2/9/2021,FISV,11:30 AM,113.0,113.22,112.82,113.075,302519,2/9/2021:11:30 AM
238,2/9/2021,FISV,12:30 PM,113.075,113.33,112.96,113.26,196606,2/9/2021:12:30 PM
239,2/9/2021,FISV,1:30 PM,113.27,113.45,113.09,113.09,189016,2/9/2021:1:30 PM
240,2/9/2021,FISV,2:30 PM,113.11,113.55,112.985,113.335,223888,2/9/2021:2:30 PM
241,2/9/2021,FISV,3:30 PM,113.3201,113.67,113.31,113.57,254385,2/9/2021:3:30 PM
242,2/9/2021,FISV,4:00 PM,113.59,114.06,113.37,113.51,680264,2/9/2021:4:00 PM
243,2/10/2021,FISV,10:30 AM,113.95,114.35,111.81,111.99,1262750,2/10/2021:10:30 AM
244,2/10/2021,FISV,11:30 AM,112.0,112.16,110.17,110.98,862394,2/10/2021:11:30 AM
245,2/10/2021,FISV,12:30 PM,111.0,111.19,110.4107,110.67,420267,2/10/2021:12:30 PM
246,2/10/2021,FISV,1:30 PM,110.66,110.88,110.4,110.705,316348,2/10/2021:1:30 PM
247,2/10/2021,FISV,2:30 PM,110.7,110.98,110.05,110.54,412857,2/10/2021:2:30 PM
248,2/10/2021,FISV,3:30 PM,110.55,110.89,110.38,110.565,465734,2/10/2021:3:30 PM
249,2/10/2021,FISV,4:00 PM,110.565,110.66,108.59,109.42,1581188,2/10/2021:4:00 PM
250,2/11/2021,FISV,10:30 AM,110.69,110.69,108.43,108.465,781938,2/11/2021:10:30 AM
251,2/11/2021,FISV,11:30 AM,108.465,108.95,108.16,108.53,650497,2/11/2021:11:30 AM
252,2/11/2021,FISV,12:30 PM,108.515,108.83,108.06,108.51,507005,2/11/2021:12:30 PM
253,2/11/2021,FISV,1:30 PM,108.5,108.76,108.02,108.51,568646,2/11/2021:1:30 PM
254,2/11/2021,FISV,2:30 PM,108.499,108.545,107.8,108.42,539184,2/11/2021:2:30 PM
255,2/11/2021,FISV,3:30 PM,108.42,108.43,107.745,107.8,581912,2/11/2021:3:30 PM
256,2/11/2021,FISV,4:00 PM,107.8,108.55,107.66,108.5,1265617,2/11/2021:4:00 PM
257,2/12/2021,FISV,10:30 AM,108.79,109.87,108.19,109.87,314070,2/12/2021:10:30 AM
258,2/12/2021,FISV,11:30 AM,109.82,110.71,109.71,110.6301,505077,2/12/2021:11:30 AM
259,2/12/2021,FISV,12:30 PM,110.6658,110.67,109.77,109.86,226558,2/12/2021:12:30 PM
260,2/12/2021,FISV,1:30 PM,109.875,110.5,109.775,110.03,510200,2/12/2021:1:30 PM
261,2/12/2021,FISV,2:30 PM,110.01,110.12,109.66,109.78,199557,2/12/2021:2:30 PM
262,2/12/2021,FISV,3:30 PM,109.78,110.06,109.5,110.03,341116,2/12/2021:3:30 PM
263,2/12/2021,FISV,4:00 PM,110.015,110.1,109.94,110.005,530457,2/12/2021:4:00 PM
264,12/17/2020,GME,4:00 PM,14.86,14.98,14.78,14.83,1083430,12/17/2020:4:00 PM
265,12/18/2020,GME,10:30 AM,15.78,15.95,15.18,15.4299,3581828,12/18/2020:10:30 AM
266,12/18/2020,GME,11:30 AM,15.43,16.18,15.41,15.8745,2511712,12/18/2020:11:30 AM
267,12/18/2020,GME,12:30 PM,15.88,16.11,15.74,15.8326,979671,12/18/2020:12:30 PM
268,12/18/2020,GME,1:30 PM,15.8421,15.96,15.71,15.92,829536,12/18/2020:1:30 PM
269,12/18/2020,GME,2:30 PM,15.9,16.1321,15.88,16.07,1165377,12/18/2020:2:30 PM
270,12/18/2020,GME,3:30 PM,16.07,16.3,15.49,15.6003,1952751,12/18/2020:3:30 PM
271,12/18/2020,GME,4:00 PM,15.6,15.77,15.545,15.63,1413545,12/18/2020:4:00 PM
272,12/21/2020,GME,10:30 AM,15.81,16.348,15.5301,15.77,3263608,12/21/2020:10:30 AM
273,12/21/2020,GME,11:30 AM,15.7883,15.84,15.38,15.4622,879111,12/21/2020:11:30 AM
274,12/21/2020,GME,12:30 PM,15.4601,15.56,15.345,15.47,652480,12/21/2020:12:30 PM
275,12/21/2020,GME,1:30 PM,15.47,15.54,15.3525,15.39,574039,12/21/2020:1:30 PM
276,12/21/2020,GME,2:30 PM,15.4,15.4575,15.28,15.3801,532316,12/21/2020:2:30 PM
277,12/21/2020,GME,3:30 PM,15.38,15.435,15.33,15.415,621676,12/21/2020:3:30 PM
278,12/21/2020,GME,4:00 PM,15.42,15.765,15.34,15.5202,1780298,12/21/2020:4:00 PM
279,12/22/2020,GME,10:30 AM,16.22,19.42,16.15,18.835,6996802,12/22/2020:10:30 AM
280,12/22/2020,GME,11:30 AM,18.8065,19.74,18.53,19.0,5655404,12/22/2020:11:30 AM
281,12/22/2020,GME,12:30 PM,19.0,19.13,18.61,18.64,2515353,12/22/2020:12:30 PM
282,12/22/2020,GME,1:30 PM,18.65,19.84,18.645,19.7701,2863446,12/22/2020:1:30 PM
283,12/22/2020,GME,2:30 PM,19.77,20.0,19.25,19.9801,2851809,12/22/2020:2:30 PM
284,12/22/2020,GME,3:30 PM,20.0,20.04,18.8,18.8335,4028532,12/22/2020:3:30 PM
285,12/22/2020,GME,4:00 PM,18.84,19.81,18.83,19.43,2019110,12/22/2020:4:00 PM
286,12/23/2020,GME,10:30 AM,20.17,22.3499,19.13,21.77,8384007,12/23/2020:10:30 AM
287,12/23/2020,GME,11:30 AM,21.79,21.97,20.5,21.24,3173931,12/23/2020:11:30 AM
288,12/23/2020,GME,12:30 PM,21.265,22.03,21.25,21.3075,2934160,12/23/2020:12:30 PM
289,12/23/2020,GME,1:30 PM,21.31,22.18,21.23,21.29,3783609,12/23/2020:1:30 PM
290,12/23/2020,GME,2:30 PM,21.29,21.7499,20.645,20.99,1602825,12/23/2020:2:30 PM
291,12/23/2020,GME,3:30 PM,21.0019,21.22,20.76,21.13,958547,12/23/2020:3:30 PM
292,12/23/2020,GME,4:00 PM,21.14,21.27,20.5,20.58,1434339,12/23/2020:4:00 PM
293,12/24/2020,GME,10:30 AM,21.01,21.48,20.56,20.755,2265866,12/24/2020:10:30 AM
294,12/24/2020,GME,11:30 AM,20.76,20.83,20.16,20.3,1173401,12/24/2020:11:30 AM
295,12/24/2020,GME,12:30 PM,20.28,20.63,19.95,20.0244,1055259,12/24/2020:12:30 PM
296,12/24/2020,GME,1:30 PM,20.02,20.2242,20.0,20.15,897542,12/24/2020:1:30 PM
297,12/28/2020,GME,10:30 AM,21.31,21.97,20.46,21.08,3270859,12/28/2020:10:30 AM
298,12/28/2020,GME,11:30 AM,21.11,21.36,20.35,21.29,1206533,12/28/2020:11:30 AM
299,12/28/2020,GME,12:30 PM,21.3068,21.3799,20.9,21.0834,553423,12/28/2020:12:30 PM
300,12/28/2020,GME,1:30 PM,21.09,21.15,20.52,20.567,492590,12/28/2020:1:30 PM
301,12/28/2020,GME,2:30 PM,20.58,20.7925,20.42,20.72,516500,12/28/2020:2:30 PM
302,12/28/2020,GME,3:30 PM,20.73,20.96,20.57,20.86,547216,12/28/2020:3:30 PM
303,12/28/2020,GME,4:00 PM,20.85,21.11,20.829,20.98,712112,12/28/2020:4:00 PM
304,12/29/2020,GME,10:30 AM,20.82,21.07,18.56,18.9215,3059708,12/29/2020:10:30 AM
305,12/29/2020,GME,11:30 AM,18.91,19.42,18.81,19.325,1125529,12/29/2020:11:30 AM
306,12/29/2020,GME,12:30 PM,19.325,19.76,19.19,19.2,878525,12/29/2020:12:30 PM
307,12/29/2020,GME,1:30 PM,19.2,19.5258,19.11,19.43,512397,12/29/2020:1:30 PM
308,12/29/2020,GME,2:30 PM,19.435,20.03,19.3528,19.6543,1087824,12/29/2020:2:30 PM
309,12/29/2020,GME,3:30 PM,19.65,19.83,19.495,19.68,658633,12/29/2020:3:30 PM
310,12/29/2020,GME,4:00 PM,19.685,19.75,19.3,19.37,769482,12/29/2020:4:00 PM
311,12/30/2020,GME,10:30 AM,19.38,20.0,19.38,19.65,1095646,12/30/2020:10:30 AM
312,12/30/2020,GME,11:30 AM,19.64,19.69,19.31,19.41,707906,12/30/2020:11:30 AM
313,12/30/2020,GME,12:30 PM,19.415,19.42,19.1411,19.265,689020,12/30/2020:12:30 PM
314,12/30/2020,GME,1:30 PM,19.265,19.28,19.0,19.133,634852,12/30/2020:1:30 PM
315,12/30/2020,GME,2:30 PM,19.135,19.5,19.1001,19.42,436466,12/30/2020:2:30 PM
316,12/30/2020,GME,3:30 PM,19.4211,19.4378,18.85,19.2511,847171,12/30/2020:3:30 PM
317,12/30/2020,GME,4:00 PM,19.25,19.42,19.18,19.26,680006,12/30/2020:4:00 PM
318,12/31/2020,GME,10:30 AM,19.25,19.63,18.96,19.06,1212657,12/31/2020:10:30 AM
319,12/31/2020,GME,11:30 AM,19.0622,19.29,18.96,19.22,782072,12/31/2020:11:30 AM
320,12/31/2020,GME,12:30 PM,19.2111,19.8,19.21,19.6891,859035,12/31/2020:12:30 PM
321,12/31/2020,GME,1:30 PM,19.6935,19.76,19.36,19.37,418278,12/31/2020:1:30 PM
322,12/31/2020,GME,2:30 PM,19.365,19.58,19.04,19.06,493310,12/31/2020:2:30 PM
323,12/31/2020,GME,3:30 PM,19.07,19.12,18.905,18.96,643283,12/31/2020:3:30 PM
324,12/31/2020,GME,4:00 PM,18.95,18.97,18.8,18.81,735298,12/31/2020:4:00 PM
325,1/4/2021,GME,10:30 AM,19.0,19.1,17.15,17.8999,2827774,1/4/2021:10:30 AM
326,1/4/2021,GME,11:30 AM,17.8747,18.11,17.26,17.52,2209074,1/4/2021:11:30 AM
327,1/4/2021,GME,12:30 PM,17.53,17.82,17.44,17.76,869055,1/4/2021:12:30 PM
328,1/4/2021,GME,1:30 PM,17.75,17.82,17.5081,17.59,458888,1/4/2021:1:30 PM
329,1/4/2021,GME,2:30 PM,17.6,17.64,17.47,17.53,606869,1/4/2021:2:30 PM
330,1/4/2021,GME,3:30 PM,17.53,17.535,17.2607,17.37,738441,1/4/2021:3:30 PM
331,1/4/2021,GME,4:00 PM,17.37,17.55,17.22,17.24,1102576,1/4/2021:4:00 PM
332,1/5/2021,GME,10:30 AM,17.35,18.0765,17.27,17.63,1285590,1/5/2021:10:30 AM
333,1/5/2021,GME,11:30 AM,17.615,17.84,17.45,17.52,521979,1/5/2021:11:30 AM
334,1/5/2021,GME,12:30 PM,17.54,17.7,17.52,17.55,345743,1/5/2021:12:30 PM
335,1/5/2021,GME,1:30 PM,17.55,17.66,17.47,17.57,417739,1/5/2021:1:30 PM
336,1/5/2021,GME,2:30 PM,17.565,17.6175,17.39,17.4978,526038,1/5/2021:2:30 PM
337,1/5/2021,GME,3:30 PM,17.5,17.505,17.23,17.35,521065,1/5/2021:3:30 PM
338,1/5/2021,GME,4:00 PM,17.35,17.54,17.34,17.36,661893,1/5/2021:4:00 PM
339,1/6/2021,GME,10:30 AM,17.34,18.4199,17.33,18.31,1132994,1/6/2021:10:30 AM
340,1/6/2021,GME,11:30 AM,18.32,18.73,18.18,18.44,913382,1/6/2021:11:30 AM
341,1/6/2021,GME,12:30 PM,18.45,18.9182,18.3,18.89,632212,1/6/2021:12:30 PM
342,1/6/2021,GME,1:30 PM,18.8824,18.98,18.68,18.785,460906,1/6/2021:1:30 PM
343,1/6/2021,GME,2:30 PM,18.79,18.98,18.46,18.46,465768,1/6/2021:2:30 PM
344,1/6/2021,GME,3:30 PM,18.4522,18.5965,17.62,18.25,1008961,1/6/2021:3:30 PM
345,1/6/2021,GME,4:00 PM,18.24,18.43,18.09,18.39,549560,1/6/2021:4:00 PM
346,1/7/2021,GME,10:30 AM,18.47,19.45,18.45,19.02,1380783,1/7/2021:10:30 AM
347,1/7/2021,GME,11:30 AM,19.0021,19.23,18.535,18.55,668392,1/7/2021:11:30 AM
348,1/7/2021,GME,12:30 PM,18.56,18.82,18.43,18.75,575966,1/7/2021:12:30 PM
349,1/7/2021,GME,1:30 PM,18.7688,18.804,18.47,18.47,409187,1/7/2021:1:30 PM
350,1/7/2021,GME,2:30 PM,18.4767,18.51,18.33,18.4,443669,1/7/2021:2:30 PM
351,1/7/2021,GME,3:30 PM,18.4,18.42,18.15,18.26,936811,1/7/2021:3:30 PM
352,1/7/2021,GME,4:00 PM,18.25,18.33,18.02,18.12,915470,1/7/2021:4:00 PM
353,1/8/2021,GME,10:30 AM,18.18,18.3,17.08,17.1197,1680299,1/8/2021:10:30 AM
354,1/8/2021,GME,11:30 AM,17.13,17.86,17.12,17.465,941861,1/8/2021:11:30 AM
355,1/8/2021,GME,12:30 PM,17.46,17.9,17.44,17.9,618620,1/8/2021:12:30 PM
356,1/8/2021,GME,1:30 PM,17.88,17.98,17.46,17.67,708182,1/8/2021:1:30 PM
357,1/8/2021,GME,2:30 PM,17.6374,17.927,17.44,17.87,387904,1/8/2021:2:30 PM
358,1/8/2021,GME,3:30 PM,17.88,17.9489,17.7501,17.83,395566,1/8/2021:3:30 PM
359,1/8/2021,GME,4:00 PM,17.84,17.9189,17.56,17.6899,759460,1/8/2021:4:00 PM
360,1/11/2021,GME,10:30 AM,19.41,20.65,19.08,19.2698,5278997,1/11/2021:10:30 AM
361,1/11/2021,GME,11:30 AM,19.25,19.62,19.05,19.27,1470514,1/11/2021:11:30 AM
362,1/11/2021,GME,12:30 PM,19.27,19.58,19.01,19.44,1329216,1/11/2021:12:30 PM
363,1/11/2021,GME,1:30 PM,19.4499,19.87,19.41,19.7488,978217,1/11/2021:1:30 PM
364,1/11/2021,GME,2:30 PM,19.74,20.49,19.74,19.84,1643761,1/11/2021:2:30 PM
365,1/11/2021,GME,3:30 PM,19.85,20.14,19.65,19.68,772202,1/11/2021:3:30 PM
366,1/11/2021,GME,4:00 PM,19.685,19.93,19.67,19.93,740040,1/11/2021:4:00 PM
367,1/12/2021,GME,10:30 AM,19.96,20.4,19.3168,20.01,2187237,1/12/2021:10:30 AM
368,1/12/2021,GME,11:30 AM,20.01,20.25,19.92,20.125,875081,1/12/2021:11:30 AM
369,1/12/2021,GME,12:30 PM,20.125,20.135,19.78,19.99,698473,1/12/2021:12:30 PM
370,1/12/2021,GME,1:30 PM,19.9961,20.16,19.845,19.885,618219,1/12/2021:1:30 PM
371,1/12/2021,GME,2:30 PM,19.895,20.005,19.81,19.84,526825,1/12/2021:2:30 PM
372,1/12/2021,GME,3:30 PM,19.845,19.92,19.71,19.78,458070,1/12/2021:3:30 PM
373,1/12/2021,GME,4:00 PM,19.785,20.04,19.785,19.94,775382,1/12/2021:4:00 PM
374,1/13/2021,GME,10:30 AM,20.42,29.1,20.03,29.0054,18228267,1/13/2021:10:30 AM
375,1/13/2021,GME,11:30 AM,29.01,33.45,26.63,33.07,25355470,1/13/2021:11:30 AM
376,1/13/2021,GME,12:30 PM,33.07,38.65,30.39,31.01,43919590,1/13/2021:12:30 PM
377,1/13/2021,GME,1:30 PM,30.9462,34.93,30.1,31.8872,21139470,1/13/2021:1:30 PM
378,1/13/2021,GME,2:30 PM,31.88,34.38,31.555,32.8399,10491436,1/13/2021:2:30 PM
379,1/13/2021,GME,3:30 PM,32.8,34.15,31.1,31.31,9508760,1/13/2021:3:30 PM
380,1/13/2021,GME,4:00 PM,31.3135,32.3299,30.7,31.44,5665019,1/13/2021:4:00 PM
381,1/14/2021,GME,10:30 AM,38.09,38.55,33.05,34.305,19640662,1/14/2021:10:30 AM
382,1/14/2021,GME,11:30 AM,34.305,36.49,33.56,35.26,9033965,1/14/2021:11:30 AM
383,1/14/2021,GME,12:30 PM,35.26,43.06,35.19,41.02,17671109,1/14/2021:12:30 PM
384,1/14/2021,GME,1:30 PM,41.0719,42.0,37.6901,40.25,14301582,1/14/2021:1:30 PM
385,1/14/2021,GME,2:30 PM,40.23,41.5,38.21,38.48,7954802,1/14/2021:2:30 PM
386,1/14/2021,GME,3:30 PM,38.4624,40.41,37.6,38.0191,7518203,1/14/2021:3:30 PM
387,1/14/2021,GME,4:00 PM,38.02,40.03,37.85,39.9184,5298134,1/14/2021:4:00 PM
388,1/15/2021,GME,10:30 AM,38.49,40.75,35.17,36.15,12739725,1/15/2021:10:30 AM
389,1/15/2021,GME,11:30 AM,36.14,38.38,35.84,36.53,5199055,1/15/2021:11:30 AM
390,1/15/2021,GME,12:30 PM,36.52,37.01,34.01,35.0814,6374601,1/15/2021:12:30 PM
391,1/15/2021,GME,1:30 PM,35.14,36.67,35.1001,35.602,3199034,1/15/2021:1:30 PM
392,1/15/2021,GME,2:30 PM,35.6199,36.72,35.3826,36.7,2466486,1/15/2021:2:30 PM
393,1/15/2021,GME,3:30 PM,36.6939,38.49,36.4,36.711,7156861,1/15/2021:3:30 PM
394,1/15/2021,GME,4:00 PM,36.72,36.77,35.33,35.49,2874740,1/15/2021:4:00 PM
395,1/19/2021,GME,10:30 AM,41.55,45.52,36.64,37.61,29722462,1/19/2021:10:30 AM
396,1/19/2021,GME,11:30 AM,37.6537,39.48,36.75,38.4801,10205971,1/19/2021:11:30 AM
397,1/19/2021,GME,12:30 PM,38.4874,41.67,38.0,40.985,8510141,1/19/2021:12:30 PM
398,1/19/2021,GME,1:30 PM,40.9752,42.3,40.29,40.97,6927161,1/19/2021:1:30 PM
399,1/19/2021,GME,2:30 PM,40.97,41.34,39.66,39.89,3404532,1/19/2021:2:30 PM
400,1/19/2021,GME,3:30 PM,39.9,40.68,39.6,39.88,3019318,1/19/2021:3:30 PM
401,1/19/2021,GME,4:00 PM,39.86,39.99,38.61,39.51,3391188,1/19/2021:4:00 PM
402,1/20/2021,GME,10:30 AM,37.37,39.3933,36.63,36.71,6321027,1/20/2021:10:30 AM
403,1/20/2021,GME,11:30 AM,36.693,38.95,36.06,38.7793,7233552,1/20/2021:11:30 AM
404,1/20/2021,GME,12:30 PM,38.76,41.1899,38.3,38.6268,7573278,1/20/2021:12:30 PM
405,1/20/2021,GME,1:30 PM,38.6,38.8,37.85,38.5768,2354585,1/20/2021:1:30 PM
406,1/20/2021,GME,2:30 PM,38.5367,39.75,38.5,39.13,2427089,1/20/2021:2:30 PM
407,1/20/2021,GME,3:30 PM,39.1357,40.14,38.83,39.0401,2299896,1/20/2021:3:30 PM
408,1/20/2021,GME,4:00 PM,39.055,39.38,38.71,39.12,1273830,1/20/2021:4:00 PM
409,1/21/2021,GME,10:30 AM,39.23,39.79,37.52,38.8,4078064,1/21/2021:10:30 AM
410,1/21/2021,GME,11:30 AM,38.8038,40.95,38.8,40.3,5525844,1/21/2021:11:30 AM
411,1/21/2021,GME,12:30 PM,40.2259,44.75,37.0,38.98,17988143,1/21/2021:12:30 PM
412,1/21/2021,GME,1:30 PM,39.0711,41.9,38.8,41.4118,7421343,1/21/2021:1:30 PM
413,1/21/2021,GME,2:30 PM,41.3582,42.59,40.82,41.9997,5309920,1/21/2021:2:30 PM
414,1/21/2021,GME,3:30 PM,42.0205,42.75,40.02,42.6121,6570459,1/21/2021:3:30 PM
415,1/21/2021,GME,4:00 PM,42.66,43.19,41.76,43.02,4480928,1/21/2021:4:00 PM
416,1/22/2021,GME,10:30 AM,42.59,46.35,42.32,45.59,11398183,1/22/2021:10:30 AM
417,1/22/2021,GME,11:30 AM,45.5,49.62,44.84,48.605,14572887,1/22/2021:11:30 AM
418,1/22/2021,GME,12:30 PM,48.56,61.5,48.42,61.4805,34948092,1/22/2021:12:30 PM
419,1/22/2021,GME,1:30 PM,61.4907,76.7573,55.22,59.14,53542936,1/22/2021:1:30 PM
420,1/22/2021,GME,2:30 PM,59.2252,64.2,54.46,59.575,23474103,1/22/2021:2:30 PM
421,1/22/2021,GME,3:30 PM,59.5938,62.3499,57.2,61.15,16653614,1/22/2021:3:30 PM
422,1/22/2021,GME,4:00 PM,61.139,68.0,59.43,64.85,16735389,1/22/2021:4:00 PM
423,1/25/2021,GME,10:30 AM,96.73,120.0,85.0,119.99,32162604,1/25/2021:10:30 AM
424,1/25/2021,GME,11:30 AM,119.96,159.18,85.39,94.78,31322409,1/25/2021:11:30 AM
425,1/25/2021,GME,12:30 PM,96.0,107.31,61.13,72.71,16787206,1/25/2021:12:30 PM
426,1/25/2021,GME,1:30 PM,76.34,85.8,65.37,69.3199,17115360,1/25/2021:1:30 PM
427,1/25/2021,GME,2:30 PM,68.98,86.54,67.9,82.2,16636968,1/25/2021:2:30 PM
428,1/25/2021,GME,3:30 PM,82.1201,84.4999,71.1001,78.99,12792111,1/25/2021:3:30 PM
429,1/25/2021,GME,4:00 PM,78.99,81.25,75.51,76.765,6187055,1/25/2021:4:00 PM
430,1/26/2021,GME,10:30 AM,88.56,101.62,81.11,82.6,17745003,1/26/2021:10:30 AM
431,1/26/2021,GME,11:30 AM,82.3801,94.0,80.2,87.4299,11753753,1/26/2021:11:30 AM
432,1/26/2021,GME,12:30 PM,87.4199,93.0,85.54,92.523,5950717,1/26/2021:12:30 PM
433,1/26/2021,GME,1:30 PM,92.51,114.24,92.4301,112.01,25181800,1/26/2021:1:30 PM
434,1/26/2021,GME,2:30 PM,112.2334,125.0,106.0,122.19,26657567,1/26/2021:2:30 PM
435,1/26/2021,GME,3:30 PM,122.3699,149.25,117.2,148.39,31342491,1/26/2021:3:30 PM
436,1/26/2021,GME,4:00 PM,148.3118,150.0,132.31,145.965,11415637,1/26/2021:4:00 PM
437,1/27/2021,GME,10:30 AM,354.83,354.83,249.0,278.8485,10016224,1/27/2021:10:30 AM
438,1/27/2021,GME,11:30 AM,276.18,380.0,275.0,362.364,11617551,1/27/2021:11:30 AM
439,1/27/2021,GME,12:30 PM,363.53,380.0,280.0,303.1,6962643,1/27/2021:12:30 PM
440,1/27/2021,GME,1:30 PM,302.55,349.99,300.0,324.0,4576486,1/27/2021:1:30 PM
441,1/27/2021,GME,2:30 PM,323.01,345.33,290.01,302.7938,4320397,1/27/2021:2:30 PM
442,1/27/2021,GME,3:30 PM,301.2236,353.0,295.0,335.8247,5275517,1/27/2021:3:30 PM
443,1/27/2021,GME,4:00 PM,335.8247,351.0,320.0,345.0,2992459,1/27/2021:4:00 PM
444,1/28/2021,GME,10:30 AM,265.0,483.0,261.52,396.505,6214075,1/28/2021:10:30 AM
445,1/28/2021,GME,11:30 AM,397.86,403.9999,112.25,132.0,5292147,1/28/2021:11:30 AM
446,1/28/2021,GME,12:30 PM,141.0,324.0,135.0,278.7044,5914321,1/28/2021:12:30 PM
447,1/28/2021,GME,1:30 PM,276.0,285.0,205.4201,231.469,3142407,1/28/2021:1:30 PM
448,1/28/2021,GME,2:30 PM,230.3455,267.0,220.7901,229.0,2397560,1/28/2021:2:30 PM
449,1/28/2021,GME,3:30 PM,229.18,265.0,215.0,225.46,3269751,1/28/2021:3:30 PM
450,1/28/2021,GME,4:00 PM,225.0201,237.99,197.44,197.44,2066195,1/28/2021:4:00 PM
451,1/29/2021,GME,10:30 AM,379.71,413.98,291.0,315.0,5412629,1/29/2021:10:30 AM
452,1/29/2021,GME,11:30 AM,315.0,347.0,303.0398,335.8863,2737399,1/29/2021:11:30 AM
453,1/29/2021,GME,12:30 PM,335.1109,377.0,312.04,349.0,2940448,1/29/2021:12:30 PM
454,1/29/2021,GME,1:30 PM,348.1117,353.5999,312.44,318.8,1769618,1/29/2021:1:30 PM
455,1/29/2021,GME,2:30 PM,318.0145,318.8,252.0,255.494,3519241,1/29/2021:2:30 PM
456,1/29/2021,GME,3:30 PM,256.6191,327.21,250.0,305.3101,3807275,1/29/2021:3:30 PM
457,1/29/2021,GME,4:00 PM,305.31,335.0,291.25,328.24,2822496,1/29/2021:4:00 PM
458,2/1/2021,GME,10:30 AM,316.56,322.0,213.07,213.07,5910526,2/1/2021:10:30 AM
459,2/1/2021,GME,11:30 AM,213.07,275.0,212.0,273.85,3880885,2/1/2021:11:30 AM
460,2/1/2021,GME,12:30 PM,273.54,280.0,241.21,251.9999,1872566,2/1/2021:12:30 PM
461,2/1/2021,GME,1:30 PM,252.0,260.63,231.0,239.49,1147165,2/1/2021:1:30 PM
462,2/1/2021,GME,2:30 PM,239.69,253.8899,230.0,244.59,1621452,2/1/2021:2:30 PM
463,2/1/2021,GME,3:30 PM,245.0,247.6799,227.5001,233.97,1387132,2/1/2021:3:30 PM
464,2/1/2021,GME,4:00 PM,234.0,234.89,214.66,227.0,1667482,2/1/2021:4:00 PM
465,2/2/2021,GME,10:30 AM,140.76,158.0,101.3,104.6499,11359954,2/2/2021:10:30 AM
466,2/2/2021,GME,11:30 AM,104.17,137.06,74.2201,137.06,16722401,2/2/2021:11:30 AM
467,2/2/2021,GME,12:30 PM,142.99,154.3999,105.17,115.51,8077871,2/2/2021:12:30 PM
468,2/2/2021,GME,1:30 PM,115.5981,124.99,105.5,113.0001,3029312,2/2/2021:1:30 PM
469,2/2/2021,GME,2:30 PM,113.0,113.85,96.7,98.01,3099213,2/2/2021:2:30 PM
470,2/2/2021,GME,3:30 PM,97.9,105.98,91.0,95.0,3439956,2/2/2021:3:30 PM
471,2/2/2021,GME,4:00 PM,94.8143,98.5,88.0,90.47,2363540,2/2/2021:4:00 PM
472,2/3/2021,GME,10:30 AM,112.01,113.3999,85.25,90.3002,7810042,2/3/2021:10:30 AM
473,2/3/2021,GME,11:30 AM,90.5999,104.35,89.0142,93.92,4574843,2/3/2021:11:30 AM
474,2/3/2021,GME,12:30 PM,94.06,100.0,90.5,98.1167,2425239,2/3/2021:12:30 PM
475,2/3/2021,GME,1:30 PM,98.1299,106.0,95.1,101.4548,3483715,2/3/2021:1:30 PM
476,2/3/2021,GME,2:30 PM,101.1278,109.5983,97.46,102.8949,3654802,2/3/2021:2:30 PM
477,2/3/2021,GME,3:30 PM,102.9599,104.75,91.5701,92.45,2842252,2/3/2021:3:30 PM
478,2/3/2021,GME,4:00 PM,92.45,95.8,90.59,92.0431,1334815,2/3/2021:4:00 PM
479,2/4/2021,GME,10:30 AM,91.19,91.5,73.88,74.81,6940498,2/4/2021:10:30 AM
480,2/4/2021,GME,11:30 AM,74.6624,79.7099,63.2,63.51,9900062,2/4/2021:11:30 AM
481,2/4/2021,GME,12:30 PM,63.5,71.3,62.05,68.57,8544043,2/4/2021:12:30 PM
482,2/4/2021,GME,1:30 PM,68.7618,69.2499,57.2,59.43,6826797,2/4/2021:1:30 PM
483,2/4/2021,GME,2:30 PM,59.6395,61.55,58.0,59.375,4185431,2/4/2021:2:30 PM
484,2/4/2021,GME,3:30 PM,59.3001,61.98,55.35,57.3,4691118,2/4/2021:3:30 PM
485,2/4/2021,GME,4:00 PM,57.5299,57.95,53.33,53.378,3426508,2/4/2021:4:00 PM
486,2/5/2021,GME,10:30 AM,54.04,95.0,51.09,70.8985,27149701,2/5/2021:10:30 AM
487,2/5/2021,GME,11:30 AM,70.9,76.7999,67.12,69.34,9654553,2/5/2021:11:30 AM
488,2/5/2021,GME,12:30 PM,69.6999,69.6999,58.86,65.88,7903239,2/5/2021:12:30 PM
489,2/5/2021,GME,1:30 PM,65.663,65.8799,62.16,62.5199,3042798,2/5/2021:1:30 PM
490,2/5/2021,GME,2:30 PM,62.385,62.69,57.26,60.67,4503291,2/5/2021:2:30 PM
491,2/5/2021,GME,3:30 PM,60.564,63.0,59.0,60.7,3030095,2/5/2021:3:30 PM
492,2/5/2021,GME,4:00 PM,60.775,66.47,60.7,63.7601,3531254,2/5/2021:4:00 PM
493,2/8/2021,GME,10:30 AM,72.41,72.66,58.27,61.1699,7627103,2/8/2021:10:30 AM
494,2/8/2021,GME,11:30 AM,61.0329,63.5,59.26,60.0,2558346,2/8/2021:11:30 AM
495,2/8/2021,GME,12:30 PM,60.0786,60.3099,58.02,58.9452,1771689,2/8/2021:12:30 PM
496,2/8/2021,GME,1:30 PM,59.1137,62.35,58.7301,59.6561,2027697,2/8/2021:1:30 PM
497,2/8/2021,GME,2:30 PM,59.8,60.38,58.3,59.203,1155925,2/8/2021:2:30 PM
498,2/8/2021,GME,3:30 PM,59.0875,59.49,58.6,58.73,1121492,2/8/2021:3:30 PM
499,2/8/2021,GME,4:00 PM,58.7,60.5,58.22,59.9599,1230213,2/8/2021:4:00 PM
500,2/9/2021,GME,10:30 AM,56.61,57.0,50.31,50.665,5227803,2/9/2021:10:30 AM
501,2/9/2021,GME,11:30 AM,50.6699,51.43,46.52,48.57,5635881,2/9/2021:11:30 AM
502,2/9/2021,GME,12:30 PM,48.507,50.755,47.2,50.07,3200891,2/9/2021:12:30 PM
503,2/9/2021,GME,1:30 PM,50.0601,50.19,48.0,48.5,1719304,2/9/2021:1:30 PM
504,2/9/2021,GME,2:30 PM,48.61,49.6299,48.2201,49.2955,1010286,2/9/2021:2:30 PM
505,2/9/2021,GME,3:30 PM,49.2952,51.5,49.2,49.6267,1567914,2/9/2021:3:30 PM
506,2/9/2021,GME,4:00 PM,49.6367,50.35,48.73,50.32,1034741,2/9/2021:4:00 PM
507,2/10/2021,GME,10:30 AM,50.77,57.8,46.55,49.25,7618299,2/10/2021:10:30 AM
508,2/10/2021,GME,11:30 AM,49.1527,53.76,48.29,50.6601,2629741,2/10/2021:11:30 AM
509,2/10/2021,GME,12:30 PM,50.99,54.94,50.5,54.46,2449820,2/10/2021:12:30 PM
510,2/10/2021,GME,1:30 PM,54.66,62.83,53.86,61.53,7071115,2/10/2021:1:30 PM
511,2/10/2021,GME,2:30 PM,61.53,62.76,53.2,54.03,5016864,2/10/2021:2:30 PM
512,2/10/2021,GME,3:30 PM,54.2172,54.87,50.48,50.92,2490381,2/10/2021:3:30 PM
513,2/10/2021,GME,4:00 PM,51.0899,52.5,50.56,51.19,1374547,2/10/2021:4:00 PM
514,2/11/2021,GME,10:30 AM,50.01,55.32,49.27,50.68,3611182,2/11/2021:10:30 AM
515,2/11/2021,GME,11:30 AM,50.77,50.8299,48.65,48.9601,1355390,2/11/2021:11:30 AM
516,2/11/2021,GME,12:30 PM,49.1,50.2683,48.24,48.4,1142529,2/11/2021:12:30 PM
517,2/11/2021,GME,1:30 PM,48.4001,49.4546,48.23,49.14,664784,2/11/2021:1:30 PM
518,2/11/2021,GME,2:30 PM,49.0998,49.74,48.2201,48.91,783914,2/11/2021:2:30 PM
519,2/11/2021,GME,3:30 PM,48.9,49.35,48.51,49.05,454999,2/11/2021:3:30 PM
520,2/11/2021,GME,4:00 PM,49.05,52.25,48.81,50.9,1618989,2/11/2021:4:00 PM
521,2/12/2021,GME,10:30 AM,50.75,54.0,48.05,49.6,1791351,2/12/2021:10:30 AM
522,2/12/2021,GME,11:30 AM,49.58,54.14,49.3,52.2001,2340235,2/12/2021:11:30 AM
523,2/12/2021,GME,12:30 PM,52.2,53.95,51.38,53.3699,2021545,2/12/2021:12:30 PM
524,2/12/2021,GME,1:30 PM,53.26,55.24,50.6,51.025,2589687,2/12/2021:1:30 PM
525,2/12/2021,GME,2:30 PM,51.1,51.7071,49.82,50.53,791042,2/12/2021:2:30 PM
526,2/12/2021,GME,3:30 PM,50.5829,52.1,50.3,51.31,760956,2/12/2021:3:30 PM
527,2/12/2021,GME,4:00 PM,51.3,52.45,51.23,52.33,789295,2/12/2021:4:00 PM
